{
  "project_info": {
    "project_number": "335714092120",
    "firebase_url": "https://distribuidorapp2025-5f250-default-rtdb.firebaseio.com",
    "project_id": "distribuidorapp2025-5f250",
    "storage_bucket": "distribuidorapp2025-5f250.firebasestorage.app"
  },
  "client": [
    {
      "client_info": {
        "mobilesdk_app_id": "1:335714092120:android:0efa7ede36749082d0b62d",
        "android_client_info": {
          "package_name": "com.example.distribuidora"
        }
      },
      "oauth_client": [],
      "api_key": [
        {
          "current_key": "AIzaSyBwMrXekCSLTarME5sBO9RcC_XZmwsVZo4"
        }
      ],
      "services": {
        "appinvite_service": {
          "other_platform_oauth_client": []
        }
      }
    }
  ],
  "configuration_version": "1"
}